[
    {"id": "1","title": "פעילויות מהנות", "text": "סמני x במשבצת של כן ליד פעילויות שהנך אוהבת לעשות, או שהיית רוצה ללמוד לעשותן  סמני x במשבצת של א ליד פעילויות שאינך אוהבת לעשות או שאין לך כל יחס אליהן ואין לך עניין ללמוד לעשות"},
    {"id": "2","title": "כישורים ויכולות",  "text":" סמני x במשבצת של כן ליד פעילויות שהנך יכולה לעשות טוב או במומחיות סמני x במשבצת של לא ליד פעילויות שמעולם לא ביצעת אותן, או שביצעת אותן ללא הצלחה"},
    {"id": "3", "title": "מקצועות שמעניינים אותך", "text": "סמני x במשבצת של כן ליד מקצועות המעניינים או המושכים אותך   סמני x במשבצת של לא ליד פעילויות שאינך מחבבת או חושבת אותם ללא מעניינים"}
]    
